{
  "datasetCommonParams": {
    "dataset_root_dir": "./dataset",
    "mosi": {
      "aligned": {
        "featurePath": "MOSI/Processed/aligned_50.pkl",
        "feature_dims": [768, 5, 20],
        "train_samples": 1284,
        "num_classes": 3,
        "language": "en",
        "KeyEval": "Loss"
      },
      "unaligned": {
        "featurePath": "MOSI/Processed/unaligned_50.pkl",
        "feature_dims": [768, 5, 20],
        "train_samples": 1284,
        "num_classes": 3,
        "language": "en",
        "KeyEval": "Loss"
      }
    },
    "mosei": {
      "aligned": {
        "featurePath": "MOSEI/Processed/aligned_50.pkl",
        "feature_dims": [768, 74, 35],
        "train_samples": 16326,
        "num_classes": 3,
        "language": "en",
        "KeyEval": "Loss"
      },
      "unaligned": {
        "featurePath": "MOSEI/Processed/unaligned_50.pkl",
        "feature_dims": [768, 74, 35],
        "train_samples": 16326,
        "num_classes": 3,
        "language": "en",
        "KeyEval": "Loss"
      }
    }
  },
  "dmd": {
    "commonParams": {
      "need_data_aligned": true,
      "need_model_aligned": true,
      "early_stop": 8,
      "use_bert": true,
      "use_finetune": true,
      "attn_mask": true,
      "update_epochs": 8,
      "att_func_type": "sparsemax",
      "pool_type": "max",
      "sd_temperature": 2,
      "loss_factor": 0.1
    },
    "debugParams": {
      "d_paras": [
        "sd_num",
        "attn_dropout_a",
        "attn_dropout_v",
        "relu_dropout",
        "embed_dropout",
        "res_dropout",
        "dst_feature_dim_nheads",
        "batch_size",
        "learning_rate",
        "nlevels",
        "conv1d_kernel_size_l",
        "conv1d_kernel_size_a",
        "conv1d_kernel_size_v",
        "text_dropout",
        "attn_dropout",
        "output_dropout",
        "grad_clip",
        "patience",
        "weight_decay"
      ],
      "sd_num": [256, 512, 1024],
      "attn_dropout_a": [0.0, 0.1, 0.2],
      "attn_dropout_v": [0.0, 0.1, 0.2],
      "relu_dropout": [0.0, 0.1, 0.2],
      "embed_dropout": [0.0, 0.1, 0.2],
      "res_dropout": [0.0, 0.1, 0.2],
      "dst_feature_dim_nheads": [
        [30, 6],
        [30, 10],
        [32, 8],
        [36, 6],
        [40, 5],
        [40, 8],
        [40, 10],
        [50, 10]
      ],
      "batch_size": [16, 24],
      "learning_rate": [0.00003, 0.00004, 0.00005],
      "nlevels": [2, 4, 6],
      "conv1d_kernel_size_l": [1, 3, 5],
      "conv1d_kernel_size_a": [1, 3, 5],
      "conv1d_kernel_size_v": [1, 3, 5],
      "text_dropout": [0.1, 0.2, 0.3, 0.4, 0.5],
      "attn_dropout": [0.1, 0.2, 0.3, 0.4, 0.5],
      "output_dropout": [0.1, 0.2, 0.3, 0.4, 0.5],
      "grad_clip": [0.6, 0.8, 1.0],
      "patience": [5],
      "weight_decay": [0.005],
      "transformers": "bert",
      "pretrained": "bert-base-uncased"
    }
  }
}
